repo,url,stars,language,license,last_push,snapshot
browser-use/jev-ultrafast,https://github.com/browser-use/jev-ultrafast,20513,Python,MIT,2026-09-25,2026-09-26
tamaratran/fast-jev-compaction,https://github.com/tamaratran/fast-jev-compaction,6951,TypeScript,MIT,2026-09-18,2026-09-26
TheoLeeCJ/SemIf,https://github.com/TheoLeeCJ/SemIf,4384,Python,MIT,2026-09-23,2026-09-26
jarrodwatts/jev-trader,https://github.com/jarrodwatts/jev-trader,2461,TypeScript,MIT,2026-09-17,2026-09-26
vinnylarouge/jevlike,https://github.com/vinnylarouge/jevlike,1307,Python,MIT,2026-09-16,2026-09-26
vercel-labs/ai-cli,https://github.com/vercel-labs/ai-cli,816,TypeScript,,2026-09-23,2026-09-26
awlevin/typesafe-computer-use,https://github.com/awlevin/typesafe-computer-use,1001,Python,MIT,2026-09-26,2026-09-26
jaredpalmer/kev,https://github.com/jaredpalmer/kev,7185,Python,Apache-2.0,2026-09-26,2026-09-26
thruwire/foreman,https://github.com/thruwire/foreman,572,Python,MIT,2026-09-26,2026-09-26
devagrawal09/jev-review,https://github.com/devagrawal09/jev-review,621,TypeScript,MIT,2026-09-17,2026-09-26
fhshaik/typesafe-mario,https://github.com/fhshaik/typesafe-mario,402,Python,,2026-09-16,2026-09-26
droidrun/mobile-jev,https://github.com/droidrun/mobile-jev,405,JavaScript,MIT,2026-09-17,2026-09-26
realZachi/pg-jev,https://github.com/realZachi/pg-jev,364,Shell,NOASSERTION,2026-09-18,2026-09-26
superagents-lab/jev-search,https://github.com/superagents-lab/jev-search,469,TypeScript,MIT,2026-09-20,2026-09-26
gargpratyush/jev-router,https://github.com/gargpratyush/jev-router,431,JavaScript,MIT,2026-09-19,2026-09-26
kitze/skillbox,https://github.com/kitze/skillbox,248,TypeScript,MIT,2026-09-19,2026-09-26
wy-coliney/jev-browser-use,https://github.com/wy-coliney/jev-browser-use,555,JavaScript,MIT,2026-09-23,2026-09-26
hr98w/jev-visual,https://github.com/hr98w/jev-visual,287,Python,MIT,2026-09-21,2026-09-26
jkudish/jev-browser,https://github.com/jkudish/jev-browser,274,JavaScript,MIT,2026-09-26,2026-09-26
kitze/unclutter,https://github.com/kitze/unclutter,304,TypeScript,MIT,2026-09-18,2026-09-26
razorback16/openjev,https://github.com/razorback16/openjev,445,Python,Apache-2.0,2026-09-25,2026-09-26
dbreunig/building-with-jev-skill,https://github.com/dbreunig/building-with-jev-skill,134,,,2026-09-17,2026-09-26
moritzkremb/jev-voice-browser,https://github.com/moritzkremb/jev-voice-browser,324,JavaScript,MIT,2026-09-21,2026-09-26
itsmostafa/typesafe-mcp,https://github.com/itsmostafa/typesafe-mcp,312,Go,MIT,2026-09-25,2026-09-26
jkudish/jev-mcp,https://github.com/jkudish/jev-mcp,384,JavaScript,MIT,2026-09-26,2026-09-26
DevMortimer/pi-warden,https://github.com/DevMortimer/pi-warden,146,TypeScript,MIT,2026-09-26,2026-09-26
vinilana/jev-eval-agent,https://github.com/vinilana/jev-eval-agent,105,HTML,,2026-09-17,2026-09-26
logan-markewich/jeff,https://github.com/logan-markewich/jeff,251,Python,MIT,2026-09-20,2026-09-26
Mapika/decider,https://github.com/Mapika/decider,504,Python,Apache-2.0,2026-09-25,2026-09-26
pithings/advocaat,https://github.com/pithings/advocaat,93,TypeScript,MIT,2026-09-18,2026-09-26
BillionsBobby/JevRouter,https://github.com/BillionsBobby/JevRouter,246,TypeScript,MIT,2026-09-26,2026-09-26
tamaratran/jev-pruner,https://github.com/tamaratran/jev-pruner,151,TypeScript,MIT,2026-09-23,2026-09-26
giuliosmall/pg_typesafe,https://github.com/giuliosmall/pg_typesafe,87,C,MIT,2026-09-24,2026-09-26
RomanSlack/jev-drone,https://github.com/RomanSlack/jev-drone,198,Python,MIT,2026-09-24,2026-09-26
mrnugget/jev-shell-history,https://github.com/mrnugget/jev-shell-history,112,TypeScript,,2026-09-18,2026-09-26
realZachi/typesafe-adblock,https://github.com/realZachi/typesafe-adblock,81,JavaScript,MIT,2026-09-17,2026-09-26
socai-io/jev-social,https://github.com/socai-io/jev-social,89,JavaScript,MIT,2026-09-26,2026-09-26
RafalWilinski/vibecheck,https://github.com/RafalWilinski/vibecheck,47,JavaScript,,2026-09-20,2026-09-26
